student_id,semester,total_classes,classes_attended,attendance_percentage,absent_days,absent_streak,late_count,early_exit_count,period_1_presence,period_3_presence,period_5_presence,period_7_presence,weekly_variance,day_variance,sudden_jump,recovery_rate,consistency_score,proxy_risk_hint
IT201,2,100,48,48.25,52,8,5,5,0.85,0.25,0.33,0.85,0.62,0.6,1,0.92,0.22,0.83
IT202,3,100,57,57.68,43,6,10,6,0.93,0.23,0.29,0.89,0.63,0.45,1,0.81,0.27,0.76
IT203,3,100,89,89.59,11,1,0,0,0.83,0.76,0.85,0.92,0.04,0.07,0,0.18,0.93,0.11
IT204,2,100,82,82.6,18,2,3,0,0.9,0.76,0.85,0.88,0.13,0.05,0,0.12,0.88,0.21
IT205,2,100,80,80.4,20,2,1,2,0.86,0.76,0.89,0.89,0.07,0.12,0,0.06,0.91,0.24
IT206,3,100,54,54.98,46,13,9,5,0.89,0.35,0.29,0.95,0.44,0.44,1,0.89,0.33,0.92
IT207,3,100,41,41.41,59,8,4,4,0.95,0.33,0.44,0.94,0.59,0.64,1,0.81,0.22,0.81
IT208,2,100,85,85.74,15,2,2,0,0.91,0.92,0.86,0.88,0.07,0.07,0,0.08,0.75,0.22
IT209,3,100,85,85.15,15,0,1,1,0.89,0.83,0.77,0.85,0.07,0.05,0,0.24,0.93,0.28
IT210,2,100,66,66.34,34,7,4,8,0.92,0.44,0.24,0.9,0.62,0.64,1,0.94,0.33,0.74
IT211,3,100,93,93.58,7,2,1,0,0.82,0.79,0.8,0.89,0.07,0.15,0,0.18,0.84,0.16
IT212,2,100,61,61.24,39,9,4,8,0.9,0.33,0.38,0.94,0.42,0.41,1,0.78,0.33,0.78
IT213,3,100,54,54.19,46,9,7,9,0.86,0.36,0.36,0.86,0.43,0.6,1,0.79,0.3,0.96
IT214,3,100,77,77.19,23,0,1,2,0.81,0.89,0.88,0.81,0.09,0.05,0,0.09,0.84,0.26
IT215,2,100,93,93.53,7,0,1,1,0.8,0.82,0.89,0.92,0.08,0.09,0,0.22,0.93,0.05
IT216,3,100,89,89.61,11,0,3,2,0.85,0.76,0.82,0.94,0.05,0.06,0,0.06,0.9,0.02
IT217,2,100,55,55.23,45,8,10,9,0.91,0.34,0.21,0.86,0.42,0.42,1,0.92,0.3,0.98
IT218,3,100,79,79.09,21,0,2,0,0.94,0.75,0.84,0.88,0.06,0.05,0,0.18,0.84,0.28
IT219,2,100,85,85.12,15,1,1,0,0.91,0.85,0.9,0.9,0.14,0.14,0,0.12,0.78,0.25
IT220,3,100,77,77.07,23,1,1,1,0.91,0.78,0.85,0.84,0.04,0.04,0,0.16,0.8,0.18
IT221,3,100,91,91.92,9,2,0,0,0.84,0.88,0.83,0.86,0.08,0.06,0,0.05,0.9,0.19
IT222,2,100,66,66.49,34,14,5,6,0.89,0.43,0.44,0.85,0.41,0.51,1,0.84,0.31,0.71
IT223,2,100,88,88.34,12,2,2,0,0.93,0.92,0.87,0.93,0.14,0.08,0,0.17,0.78,0.28
IT224,2,100,81,81.64,19,2,3,1,0.93,0.9,0.78,0.92,0.13,0.13,0,0.1,0.91,0.03
IT225,3,100,90,90.91,10,0,1,2,0.84,0.86,0.81,0.95,0.03,0.05,0,0.12,0.92,0.29
IT226,3,100,77,77.31,23,0,2,2,0.92,0.82,0.9,0.82,0.1,0.15,0,0.06,0.87,0.1
IT227,2,100,89,89.18,11,2,0,1,0.85,0.76,0.85,0.85,0.14,0.09,0,0.19,0.9,0.2
IT228,2,100,81,81.01,19,2,2,1,0.94,0.87,0.89,0.89,0.08,0.08,0,0.11,0.78,0.13
IT229,3,100,75,75.01,25,0,2,0,0.83,0.83,0.89,0.92,0.08,0.1,0,0.18,0.84,0.13
IT230,2,100,88,88.28,12,0,2,0,0.8,0.79,0.82,0.93,0.13,0.12,0,0.18,0.79,0.06
IT231,3,100,87,87.6,13,2,1,0,0.91,0.88,0.77,0.86,0.11,0.09,0,0.1,0.88,0.0
IT232,3,100,47,47.48,53,7,10,8,0.95,0.42,0.35,0.92,0.54,0.64,1,0.87,0.45,0.88
IT233,3,100,85,85.96,15,2,1,2,0.92,0.83,0.79,0.87,0.13,0.08,0,0.2,0.92,0.08
IT234,3,100,50,50.08,50,7,8,7,0.89,0.34,0.3,0.87,0.44,0.47,1,0.87,0.38,0.72
IT235,3,100,86,86.68,14,2,0,2,0.94,0.82,0.86,0.88,0.08,0.03,0,0.12,0.9,0.26
IT236,2,100,80,80.46,20,0,3,2,0.94,0.92,0.83,0.94,0.08,0.11,0,0.21,0.89,0.25
IT237,2,100,52,52.86,48,13,10,10,0.94,0.27,0.44,0.89,0.45,0.48,1,0.78,0.31,0.8
IT238,2,100,89,89.98,11,1,0,1,0.84,0.89,0.84,0.84,0.06,0.04,0,0.24,0.76,0.01
IT239,2,100,79,79.36,21,1,2,2,0.94,0.77,0.75,0.85,0.05,0.1,0,0.2,0.77,0.25
IT240,3,100,89,89.3,11,2,0,1,0.89,0.77,0.9,0.92,0.11,0.11,0,0.07,0.9,0.26
IT241,3,100,76,76.38,24,0,2,2,0.92,0.87,0.82,0.91,0.13,0.13,0,0.07,0.94,0.19
IT242,3,100,93,93.39,7,1,3,2,0.81,0.9,0.79,0.87,0.08,0.12,0,0.1,0.92,0.25
IT243,3,100,84,84.89,16,0,2,0,0.93,0.84,0.83,0.83,0.09,0.07,0,0.1,0.81,0.18
IT244,3,100,90,90.16,10,2,3,1,0.84,0.86,0.81,0.88,0.12,0.08,0,0.05,0.81,0.12
IT245,3,100,86,86.01,14,2,2,2,0.91,0.91,0.85,0.83,0.08,0.07,0,0.1,0.89,0.09
IT246,3,100,86,86.79,14,0,2,0,0.82,0.76,0.76,0.84,0.13,0.07,0,0.12,0.81,0.21
IT247,3,100,40,40.37,60,13,6,9,0.86,0.22,0.32,0.91,0.54,0.5,1,0.94,0.26,0.96
IT248,2,100,64,64.33,36,7,6,10,0.87,0.33,0.31,0.89,0.7,0.44,1,0.89,0.35,0.94
IT249,3,100,87,87.42,13,0,0,0,0.82,0.82,0.85,0.87,0.11,0.06,0,0.07,0.8,0.17
IT250,2,100,80,80.65,20,0,3,1,0.94,0.82,0.83,0.9,0.11,0.14,0,0.21,0.88,0.2
IT251,2,100,44,44.98,56,15,6,4,0.92,0.44,0.33,0.9,0.62,0.57,1,0.77,0.23,0.91
IT252,2,100,89,89.69,11,0,2,0,0.95,0.86,0.79,0.81,0.04,0.15,0,0.22,0.87,0.29
IT253,3,100,83,83.84,17,0,2,1,0.86,0.8,0.77,0.82,0.15,0.08,0,0.21,0.94,0.14
IT254,3,100,93,93.9,7,1,0,0,0.92,0.75,0.88,0.87,0.04,0.06,0,0.07,0.9,0.26
IT255,2,100,87,87.45,13,2,3,0,0.93,0.83,0.75,0.89,0.08,0.04,0,0.1,0.78,0.09
IT256,2,100,75,75.27,25,0,3,1,0.82,0.91,0.79,0.91,0.06,0.13,0,0.07,0.94,0.19
IT257,3,100,79,79.87,21,1,1,1,0.92,0.9,0.8,0.92,0.05,0.1,0,0.2,0.78,0.02
IT258,2,100,80,80.97,20,0,3,1,0.94,0.9,0.9,0.84,0.08,0.09,0,0.12,0.9,0.11
IT259,2,100,83,83.22,17,2,2,2,0.9,0.78,0.89,0.82,0.09,0.14,0,0.13,0.95,0.24
IT260,3,100,92,92.48,8,0,3,2,0.82,0.83,0.9,0.85,0.09,0.08,0,0.19,0.83,0.2
IT261,3,100,92,92.04,8,1,3,0,0.84,0.87,0.79,0.83,0.11,0.14,0,0.15,0.86,0.19
IT262,3,100,90,90.21,10,1,0,2,0.85,0.82,0.79,0.86,0.05,0.07,0,0.06,0.81,0.02
IT263,2,100,42,42.37,58,12,10,6,0.88,0.26,0.2,0.93,0.59,0.47,1,0.93,0.24,0.84
IT264,2,100,68,68.36,32,10,8,8,0.89,0.32,0.26,0.91,0.59,0.53,1,0.76,0.41,0.76
IT265,3,100,80,80.9,20,1,3,0,0.91,0.89,0.89,0.92,0.03,0.13,0,0.21,0.94,0.27
IT266,3,100,45,45.7,55,8,6,9,0.91,0.38,0.22,0.88,0.59,0.67,1,0.86,0.28,0.83
IT267,3,100,43,43.96,57,11,8,4,0.9,0.4,0.39,0.88,0.56,0.67,1,0.91,0.26,0.95
IT268,3,100,77,77.82,23,2,1,2,0.92,0.75,0.83,0.87,0.12,0.15,0,0.24,0.91,0.11
IT269,3,100,91,91.45,9,0,2,2,0.89,0.86,0.85,0.87,0.11,0.09,0,0.17,0.94,0.1
IT270,3,100,77,77.33,23,0,0,1,0.87,0.86,0.86,0.94,0.07,0.09,0,0.07,0.93,0.04
IT271,2,100,88,88.1,12,2,3,2,0.94,0.9,0.76,0.9,0.08,0.14,0,0.06,0.82,0.13
IT272,3,100,48,48.28,52,13,4,10,0.88,0.45,0.4,0.87,0.43,0.46,1,0.86,0.44,0.72
IT273,2,100,91,91.26,9,1,1,0,0.95,0.84,0.87,0.82,0.12,0.12,0,0.17,0.81,0.3
IT274,2,100,63,63.7,37,15,5,4,0.92,0.32,0.39,0.9,0.5,0.45,1,0.71,0.39,0.86
IT275,3,100,93,93.91,7,2,0,1,0.81,0.83,0.81,0.9,0.12,0.13,0,0.15,0.84,0.29
IT276,3,100,42,42.42,58,8,8,4,0.95,0.33,0.31,0.91,0.42,0.48,1,0.86,0.34,0.8
IT277,2,100,88,88.02,12,1,1,0,0.81,0.82,0.85,0.86,0.08,0.06,0,0.12,0.84,0.12
IT278,3,100,64,64.95,36,12,4,9,0.91,0.28,0.23,0.89,0.43,0.62,1,0.9,0.34,0.88
IT279,3,100,89,89.42,11,2,2,1,0.93,0.81,0.83,0.82,0.07,0.04,0,0.15,0.78,0.14
IT280,2,100,91,91.9,9,2,0,2,0.85,0.81,0.75,0.93,0.14,0.13,0,0.1,0.79,0.21
IT281,3,100,62,62.23,38,7,4,4,0.92,0.39,0.34,0.86,0.62,0.46,1,0.8,0.29,0.81
IT282,2,100,58,58.54,42,7,9,9,0.93,0.23,0.31,0.88,0.48,0.6,1,0.82,0.31,0.78
IT283,3,100,81,81.17,19,1,1,1,0.91,0.8,0.77,0.87,0.15,0.04,0,0.09,0.94,0.23
IT284,2,100,55,55.98,45,14,5,7,0.89,0.31,0.22,0.88,0.57,0.6,1,0.79,0.3,0.92
IT285,3,100,83,83.35,17,1,0,2,0.94,0.76,0.88,0.84,0.03,0.07,0,0.21,0.87,0.25
IT286,3,100,82,82.92,18,2,2,2,0.88,0.9,0.8,0.91,0.07,0.07,0,0.08,0.85,0.03
IT287,2,100,44,44.39,56,8,5,8,0.9,0.39,0.39,0.89,0.58,0.63,1,0.86,0.24,0.93
IT288,3,100,87,87.54,13,1,1,1,0.88,0.8,0.82,0.81,0.04,0.08,0,0.11,0.8,0.02
IT289,2,100,94,94.55,6,2,0,2,0.81,0.9,0.84,0.83,0.1,0.08,0,0.17,0.94,0.22
IT290,3,100,94,94.15,6,0,3,2,0.81,0.87,0.9,0.88,0.13,0.13,0,0.25,0.77,0.19
IT291,2,100,93,93.36,7,1,3,2,0.85,0.84,0.81,0.84,0.12,0.11,0,0.06,0.88,0.1
IT292,2,100,86,86.65,14,1,1,0,0.81,0.85,0.85,0.85,0.07,0.11,0,0.18,0.78,0.21
IT293,2,100,83,83.47,17,0,2,0,0.83,0.77,0.76,0.93,0.07,0.05,0,0.09,0.94,0.15
IT294,2,100,92,92.53,8,2,1,0,0.82,0.82,0.81,0.9,0.08,0.05,0,0.22,0.9,0.24
IT295,3,100,90,90.05,10,0,3,1,0.86,0.91,0.9,0.87,0.09,0.07,0,0.21,0.84,0.25
IT296,3,100,83,83.37,17,0,1,1,0.88,0.77,0.88,0.93,0.13,0.05,0,0.1,0.88,0.26
IT297,2,100,80,80.46,20,1,1,0,0.86,0.82,0.81,0.86,0.04,0.14,0,0.21,0.93,0.28
IT298,3,100,49,49.56,51,11,4,4,0.86,0.38,0.31,0.85,0.64,0.44,1,0.77,0.41,0.91
IT299,2,100,91,91.7,9,0,3,2,0.89,0.76,0.88,0.87,0.12,0.06,0,0.07,0.8,0.19
IT300,2,100,86,86.5,14,1,1,2,0.81,0.92,0.76,0.88,0.08,0.1,0,0.1,0.83,0.2
IT301,2,100,84,84.4,16,1,3,0,0.89,0.88,0.86,0.85,0.06,0.03,0,0.21,0.82,0.22
IT302,3,100,91,91.27,9,2,1,0,0.92,0.83,0.79,0.81,0.09,0.11,0,0.18,0.91,0.02
IT303,2,100,81,81.2,19,2,3,1,0.81,0.86,0.79,0.92,0.09,0.03,0,0.18,0.81,0.26
IT304,3,100,92,92.89,8,1,3,0,0.92,0.87,0.76,0.89,0.15,0.09,0,0.15,0.93,0.16
IT305,3,100,76,76.6,24,1,2,2,0.91,0.9,0.84,0.87,0.08,0.12,0,0.08,0.84,0.13
IT306,2,100,59,59.13,41,14,6,6,0.93,0.21,0.22,0.93,0.64,0.6,1,0.94,0.24,0.88
IT307,3,100,86,86.34,14,2,1,0,0.86,0.8,0.79,0.94,0.08,0.07,0,0.14,0.77,0.04
IT308,2,100,82,82.74,18,1,0,0,0.95,0.78,0.77,0.81,0.12,0.11,0,0.09,0.87,0.21
IT309,3,100,91,91.21,9,2,2,2,0.91,0.91,0.85,0.92,0.07,0.04,0,0.16,0.93,0.26
IT310,2,100,46,46.03,54,9,5,9,0.91,0.35,0.22,0.88,0.64,0.41,1,0.84,0.29,0.94
IT311,3,100,90,90.38,10,0,0,0,0.93,0.88,0.85,0.83,0.15,0.11,0,0.14,0.89,0.1
IT312,3,100,92,92.36,8,2,0,2,0.94,0.9,0.88,0.84,0.05,0.05,0,0.11,0.89,0.1
IT313,3,100,49,49.08,51,7,8,10,0.92,0.35,0.41,0.91,0.55,0.45,1,0.94,0.24,0.9
IT314,2,100,68,68.46,32,15,10,5,0.94,0.34,0.36,0.88,0.48,0.46,1,0.84,0.35,0.71
IT315,3,100,76,76.46,24,0,0,0,0.91,0.87,0.88,0.95,0.08,0.09,0,0.09,0.87,0.09
IT316,3,100,77,77.12,23,1,1,1,0.93,0.82,0.89,0.94,0.04,0.08,0,0.08,0.76,0.28
IT317,3,100,44,44.78,56,13,8,7,0.95,0.25,0.29,0.86,0.55,0.49,1,0.71,0.44,0.85
IT318,3,100,75,75.16,25,1,0,1,0.81,0.85,0.8,0.84,0.05,0.06,0,0.12,0.83,0.01
IT319,3,100,80,80.59,20,0,0,0,0.91,0.78,0.83,0.88,0.15,0.08,0,0.21,0.82,0.28
IT320,2,100,49,49.99,51,14,7,6,0.87,0.45,0.38,0.88,0.54,0.58,1,0.83,0.28,0.88
IT321,3,100,80,81.0,20,1,0,2,0.93,0.86,0.84,0.84,0.07,0.04,0,0.13,0.81,0.27
IT322,2,100,86,86.67,14,2,1,1,0.8,0.91,0.77,0.8,0.11,0.1,0,0.22,0.78,0.2
IT323,3,100,60,60.72,40,14,7,8,0.86,0.25,0.28,0.92,0.63,0.68,1,0.92,0.38,0.72
IT324,3,100,78,78.46,22,2,2,0,0.89,0.78,0.79,0.88,0.07,0.12,0,0.19,0.88,0.21
IT325,3,100,89,89.1,11,1,3,1,0.89,0.84,0.88,0.86,0.09,0.1,0,0.24,0.89,0.09
IT326,2,100,80,80.75,20,1,0,2,0.84,0.85,0.79,0.82,0.14,0.11,0,0.2,0.79,0.25
IT327,2,100,60,60.1,40,9,8,7,0.93,0.2,0.34,0.94,0.59,0.42,1,0.8,0.38,0.73
IT328,3,100,78,78.99,22,1,2,1,0.91,0.89,0.76,0.94,0.06,0.04,0,0.2,0.88,0.07
IT329,2,100,75,75.73,25,1,3,1,0.84,0.85,0.89,0.85,0.05,0.12,0,0.22,0.81,0.01
IT330,3,100,77,77.68,23,1,3,0,0.83,0.88,0.87,0.89,0.05,0.04,0,0.08,0.84,0.08
IT331,2,100,87,87.77,13,1,3,1,0.85,0.79,0.79,0.84,0.09,0.04,0,0.18,0.79,0.04
IT332,3,100,89,89.46,11,1,0,1,0.86,0.84,0.88,0.91,0.11,0.11,0,0.06,0.77,0.09
IT333,2,100,93,93.81,7,2,2,2,0.86,0.87,0.89,0.91,0.06,0.14,0,0.15,0.84,0.3
IT334,2,100,88,88.61,12,2,0,1,0.88,0.84,0.84,0.82,0.08,0.11,0,0.07,0.86,0.02
IT335,3,100,46,46.16,54,13,8,9,0.9,0.21,0.32,0.93,0.43,0.55,1,0.9,0.31,0.85
IT336,2,100,91,91.33,9,2,1,0,0.93,0.92,0.82,0.84,0.04,0.08,0,0.19,0.86,0.02
IT337,2,100,94,94.57,6,1,3,1,0.9,0.86,0.83,0.9,0.15,0.08,0,0.22,0.93,0.11
IT338,2,100,56,56.12,44,8,8,5,0.92,0.34,0.33,0.93,0.62,0.47,1,0.7,0.21,0.79
IT339,3,100,80,80.51,20,0,0,2,0.83,0.77,0.76,0.89,0.13,0.08,0,0.2,0.93,0.0
IT340,2,100,41,41.33,59,9,7,10,0.87,0.43,0.34,0.91,0.56,0.63,1,0.89,0.24,1.0
IT341,3,100,66,66.29,34,14,9,6,0.94,0.36,0.31,0.9,0.47,0.49,1,0.72,0.44,0.96
IT342,3,100,81,81.37,19,1,3,2,0.85,0.87,0.87,0.94,0.05,0.08,0,0.2,0.84,0.25
IT343,3,100,86,86.15,14,1,1,2,0.81,0.87,0.78,0.84,0.06,0.05,0,0.18,0.93,0.25
IT344,2,100,78,78.76,22,1,1,0,0.83,0.88,0.86,0.91,0.06,0.14,0,0.11,0.93,0.06
IT345,2,100,79,79.79,21,1,2,1,0.87,0.77,0.9,0.87,0.08,0.09,0,0.12,0.8,0.15
IT346,2,100,83,83.28,17,2,1,1,0.82,0.81,0.81,0.93,0.05,0.06,0,0.24,0.87,0.13
IT347,3,100,91,91.43,9,1,3,0,0.94,0.84,0.85,0.81,0.05,0.13,0,0.08,0.89,0.15
IT348,2,100,88,88.36,12,1,0,1,0.87,0.76,0.85,0.94,0.05,0.11,0,0.06,0.78,0.07
IT349,3,100,55,55.97,45,6,7,4,0.92,0.31,0.43,0.87,0.41,0.62,1,0.83,0.27,0.85
IT350,2,100,58,58.59,42,11,6,9,0.95,0.26,0.37,0.93,0.48,0.52,1,0.79,0.3,0.87
IT351,2,100,51,51.38,49,13,8,8,0.93,0.34,0.41,0.86,0.42,0.4,1,0.74,0.32,0.83
IT352,2,100,67,67.04,33,15,9,5,0.91,0.21,0.43,0.88,0.54,0.41,1,0.72,0.43,0.97
IT353,2,100,89,89.25,11,0,3,2,0.88,0.82,0.86,0.92,0.07,0.1,0,0.16,0.92,0.2
IT354,2,100,94,94.49,6,0,0,1,0.86,0.88,0.75,0.84,0.08,0.13,0,0.12,0.9,0.29
IT355,3,100,56,56.59,44,12,7,10,0.87,0.22,0.27,0.89,0.46,0.58,1,0.8,0.39,0.79
IT356,2,100,81,81.33,19,0,0,0,0.83,0.83,0.83,0.86,0.03,0.07,0,0.12,0.8,0.04
IT357,2,100,76,76.86,24,1,2,0,0.95,0.79,0.83,0.9,0.03,0.08,0,0.21,0.89,0.17
IT358,2,100,80,80.37,20,0,1,1,0.94,0.87,0.82,0.89,0.05,0.06,0,0.11,0.91,0.11
IT359,2,100,40,40.2,60,11,7,8,0.93,0.36,0.35,0.88,0.65,0.51,1,0.92,0.31,0.83
IT360,2,100,78,78.55,22,1,3,2,0.86,0.89,0.81,0.82,0.06,0.11,0,0.15,0.87,0.07
IT361,2,100,85,85.91,15,2,0,2,0.92,0.89,0.81,0.87,0.09,0.12,0,0.14,0.81,0.21
IT362,3,100,59,59.76,41,12,9,10,0.9,0.43,0.37,0.9,0.64,0.42,1,0.95,0.32,0.82
IT363,3,100,91,91.25,9,0,0,1,0.95,0.87,0.81,0.91,0.12,0.11,0,0.12,0.88,0.01
IT364,2,100,47,47.76,53,14,8,7,0.92,0.37,0.24,0.95,0.57,0.61,1,0.76,0.29,0.84
IT365,2,100,93,93.41,7,0,0,1,0.88,0.81,0.76,0.91,0.13,0.12,0,0.12,0.82,0.24
IT366,3,100,41,41.34,59,7,9,7,0.92,0.33,0.34,0.88,0.41,0.5,1,0.73,0.4,0.98
IT367,3,100,52,52.15,48,8,5,10,0.91,0.3,0.38,0.87,0.59,0.53,1,0.71,0.35,0.76
IT368,2,100,90,90.99,10,1,1,1,0.9,0.85,0.84,0.89,0.07,0.08,0,0.1,0.92,0.16
IT369,3,100,87,87.35,13,2,2,2,0.86,0.77,0.81,0.89,0.1,0.11,0,0.11,0.8,0.04
IT370,3,100,84,84.73,16,2,1,1,0.93,0.91,0.82,0.83,0.05,0.06,0,0.09,0.92,0.19
IT371,3,100,84,84.83,16,1,3,1,0.83,0.8,0.87,0.88,0.05,0.1,0,0.21,0.79,0.01
IT372,2,100,80,80.36,20,2,2,0,0.82,0.89,0.86,0.84,0.13,0.03,0,0.19,0.86,0.3
IT373,3,100,92,92.24,8,1,0,2,0.9,0.9,0.84,0.86,0.13,0.04,0,0.21,0.79,0.22
IT374,2,100,91,91.27,9,2,0,2,0.84,0.8,0.88,0.95,0.07,0.06,0,0.16,0.81,0.21
IT375,2,100,62,62.5,38,6,7,7,0.92,0.41,0.39,0.92,0.7,0.66,1,0.73,0.42,0.77
IT376,2,100,80,80.37,20,1,3,1,0.84,0.91,0.81,0.94,0.08,0.11,0,0.23,0.77,0.15
IT377,2,100,91,91.94,9,2,0,1,0.86,0.91,0.87,0.87,0.15,0.11,0,0.19,0.92,0.24
IT378,3,100,86,86.56,14,1,3,1,0.8,0.91,0.77,0.87,0.14,0.12,0,0.06,0.88,0.25
IT379,2,100,93,93.19,7,0,2,2,0.9,0.86,0.76,0.89,0.13,0.14,0,0.07,0.82,0.02
IT380,2,100,76,76.82,24,0,0,2,0.8,0.81,0.77,0.93,0.06,0.04,0,0.17,0.85,0.13
IT381,2,100,79,79.58,21,2,0,0,0.92,0.9,0.85,0.9,0.13,0.04,0,0.12,0.81,0.11
IT382,2,100,78,78.28,22,2,2,2,0.83,0.9,0.77,0.82,0.06,0.12,0,0.23,0.87,0.13
IT383,3,100,83,83.59,17,0,1,1,0.92,0.87,0.88,0.9,0.06,0.04,0,0.16,0.87,0.18
IT384,2,100,85,85.19,15,1,3,0,0.84,0.86,0.76,0.93,0.11,0.12,0,0.21,0.8,0.12
IT385,3,100,77,77.64,23,1,3,1,0.89,0.75,0.78,0.94,0.1,0.05,0,0.14,0.95,0.02
IT386,3,100,85,85.02,15,1,3,2,0.85,0.84,0.78,0.92,0.11,0.04,0,0.16,0.87,0.08
IT387,3,100,87,87.69,13,1,0,2,0.87,0.83,0.84,0.85,0.11,0.12,0,0.22,0.76,0.03
IT388,2,100,61,61.24,39,6,9,4,0.87,0.23,0.4,0.88,0.45,0.69,1,0.83,0.4,0.92
IT389,2,100,83,83.59,17,1,0,0,0.87,0.85,0.81,0.84,0.12,0.1,0,0.07,0.84,0.11
IT390,2,100,55,55.26,45,6,4,7,0.94,0.34,0.43,0.92,0.47,0.54,1,0.8,0.24,0.98
IT391,2,100,83,83.33,17,1,2,1,0.83,0.84,0.76,0.86,0.13,0.1,0,0.07,0.88,0.02
IT392,3,100,81,81.21,19,2,0,0,0.84,0.81,0.9,0.95,0.08,0.07,0,0.11,0.91,0.22
IT393,2,100,67,67.97,33,9,4,5,0.93,0.29,0.38,0.88,0.56,0.59,1,0.87,0.2,0.8
IT394,2,100,94,94.22,6,2,1,2,0.93,0.83,0.86,0.89,0.06,0.04,0,0.1,0.92,0.12
IT395,2,100,82,82.89,18,1,0,0,0.86,0.89,0.8,0.87,0.11,0.05,0,0.11,0.92,0.28
IT396,2,100,77,77.72,23,0,0,0,0.92,0.83,0.82,0.93,0.04,0.08,0,0.11,0.77,0.11
IT397,2,100,81,81.08,19,0,0,0,0.88,0.87,0.79,0.95,0.13,0.07,0,0.07,0.8,0.11
IT398,3,100,86,86.12,14,0,1,2,0.95,0.77,0.87,0.86,0.09,0.13,0,0.08,0.75,0.25
IT399,2,100,80,80.18,20,0,0,0,0.93,0.89,0.77,0.94,0.15,0.05,0,0.18,0.91,0.03
IT400,2,100,83,83.66,17,1,3,0,0.84,0.9,0.76,0.89,0.03,0.11,0,0.08,0.79,0.06
IT401,3,100,92,92.66,8,0,3,1,0.84,0.92,0.83,0.8,0.04,0.08,0,0.13,0.88,0.24
IT402,3,100,90,90.63,10,2,2,2,0.93,0.88,0.76,0.95,0.09,0.08,0,0.09,0.81,0.07
IT403,3,100,94,94.99,6,0,1,1,0.91,0.91,0.84,0.95,0.06,0.06,0,0.16,0.91,0.22
IT404,3,100,94,94.83,6,0,1,0,0.91,0.81,0.84,0.82,0.06,0.07,0,0.2,0.82,0.18
IT405,3,100,78,78.51,22,0,0,1,0.89,0.89,0.8,0.83,0.04,0.1,0,0.05,0.85,0.1
IT406,2,100,57,57.6,43,7,5,5,0.89,0.23,0.28,0.86,0.65,0.66,1,0.94,0.29,0.98
IT407,3,100,94,94.21,6,0,2,1,0.9,0.89,0.81,0.91,0.11,0.1,0,0.23,0.87,0.11
IT408,2,100,40,40.05,60,15,9,7,0.94,0.44,0.26,0.91,0.52,0.7,1,0.94,0.21,0.88
IT409,2,100,76,76.56,24,1,2,0,0.93,0.83,0.79,0.84,0.05,0.14,0,0.07,0.89,0.19
IT410,3,100,77,77.16,23,0,0,2,0.86,0.84,0.77,0.87,0.08,0.12,0,0.24,0.93,0.15
IT411,2,100,42,42.21,58,6,10,4,0.89,0.38,0.34,0.94,0.49,0.5,1,0.94,0.22,0.75
IT412,3,100,87,87.27,13,2,3,2,0.82,0.78,0.78,0.9,0.03,0.14,0,0.08,0.93,0.05
IT413,3,100,80,80.95,20,0,0,0,0.81,0.89,0.84,0.87,0.08,0.1,0,0.15,0.76,0.0
IT414,2,100,59,59.15,41,13,4,6,0.86,0.34,0.25,0.94,0.65,0.49,1,0.8,0.32,0.9
IT415,2,100,80,80.27,20,1,3,2,0.81,0.81,0.83,0.95,0.06,0.06,0,0.06,0.9,0.2
IT416,2,100,91,91.82,9,2,3,2,0.86,0.9,0.76,0.89,0.11,0.14,0,0.16,0.8,0.09
IT417,2,100,62,62.72,38,8,5,6,0.89,0.45,0.36,0.93,0.69,0.64,1,0.73,0.31,1.0
IT418,3,100,93,93.28,7,0,0,1,0.93,0.88,0.84,0.88,0.08,0.08,0,0.12,0.81,0.14
IT419,2,100,77,77.96,23,0,0,0,0.86,0.82,0.82,0.89,0.1,0.04,0,0.11,0.86,0.1
IT420,2,100,77,77.88,23,0,3,1,0.84,0.81,0.8,0.92,0.08,0.14,0,0.19,0.76,0.14
IT421,3,100,92,92.16,8,0,0,1,0.86,0.86,0.78,0.83,0.05,0.15,0,0.14,0.92,0.08
IT422,3,100,92,92.34,8,2,0,0,0.88,0.85,0.78,0.93,0.12,0.04,0,0.19,0.83,0.23
IT423,2,100,53,53.69,47,9,6,10,0.85,0.29,0.35,0.87,0.48,0.65,1,0.83,0.36,0.74
IT424,3,100,81,82.0,19,1,1,2,0.89,0.91,0.88,0.9,0.12,0.11,0,0.11,0.83,0.05
IT425,2,100,83,83.19,17,2,0,2,0.84,0.89,0.8,0.95,0.03,0.14,0,0.18,0.87,0.0
IT426,3,100,82,82.53,18,1,2,1,0.82,0.84,0.85,0.93,0.06,0.09,0,0.19,0.91,0.12
IT427,3,100,77,77.16,23,1,0,0,0.93,0.8,0.77,0.91,0.15,0.11,0,0.22,0.8,0.21
IT428,3,100,88,88.62,12,2,0,2,0.89,0.92,0.87,0.85,0.09,0.07,0,0.23,0.83,0.22
IT429,2,100,87,87.77,13,2,3,2,0.84,0.83,0.86,0.91,0.07,0.07,0,0.08,0.88,0.17
IT430,2,100,92,92.99,8,0,0,2,0.84,0.8,0.88,0.87,0.07,0.12,0,0.11,0.91,0.1
IT431,2,100,78,78.89,22,2,0,1,0.83,0.82,0.84,0.94,0.08,0.07,0,0.06,0.92,0.04
IT432,2,100,89,89.31,11,1,0,0,0.83,0.88,0.84,0.82,0.07,0.15,0,0.11,0.76,0.14
IT433,2,100,87,87.67,13,1,3,2,0.8,0.8,0.87,0.83,0.15,0.08,0,0.06,0.79,0.11
IT434,2,100,79,79.98,21,1,2,1,0.84,0.8,0.86,0.89,0.05,0.08,0,0.17,0.78,0.25
IT435,3,100,94,94.91,6,1,2,2,0.83,0.87,0.77,0.91,0.07,0.05,0,0.24,0.93,0.12
IT436,2,100,61,61.33,39,6,10,4,0.85,0.23,0.41,0.85,0.51,0.59,1,0.89,0.36,0.88
IT437,3,100,77,77.47,23,1,2,1,0.82,0.84,0.84,0.91,0.11,0.05,0,0.19,0.75,0.13
IT438,2,100,87,87.35,13,0,2,2,0.95,0.81,0.81,0.82,0.12,0.09,0,0.17,0.91,0.25
IT439,3,100,88,88.76,12,1,3,2,0.87,0.91,0.87,0.81,0.06,0.03,0,0.07,0.77,0.17
IT440,2,100,87,87.89,13,1,3,0,0.85,0.87,0.81,0.82,0.06,0.04,0,0.21,0.92,0.26
IT441,2,100,88,88.27,12,1,1,1,0.92,0.78,0.81,0.94,0.07,0.08,0,0.17,0.93,0.03
IT442,3,100,84,84.56,16,2,3,2,0.93,0.77,0.89,0.87,0.14,0.05,0,0.08,0.9,0.29
IT443,3,100,51,51.39,49,15,6,6,0.94,0.23,0.3,0.85,0.41,0.61,1,0.91,0.44,0.74
IT444,3,100,66,66.05,34,15,8,7,0.92,0.35,0.31,0.92,0.62,0.47,1,0.94,0.42,0.86
IT445,3,100,87,87.83,13,2,1,1,0.87,0.83,0.77,0.91,0.14,0.1,0,0.05,0.94,0.15
IT446,2,100,80,80.56,20,2,1,1,0.87,0.9,0.82,0.82,0.11,0.08,0,0.1,0.84,0.24
IT447,2,100,52,52.37,48,14,8,6,0.9,0.25,0.37,0.95,0.4,0.43,1,0.85,0.35,0.79
IT448,2,100,91,91.89,9,2,2,2,0.81,0.86,0.75,0.85,0.12,0.1,0,0.19,0.82,0.14
IT449,3,100,82,82.48,18,0,0,0,0.84,0.78,0.77,0.93,0.14,0.09,0,0.21,0.9,0.12
IT450,3,100,78,78.81,22,0,2,1,0.93,0.83,0.84,0.88,0.12,0.04,0,0.18,0.88,0.04
IT451,2,100,75,75.97,25,2,3,1,0.91,0.77,0.81,0.89,0.09,0.09,0,0.23,0.79,0.17
IT452,3,100,87,87.18,13,1,1,2,0.89,0.9,0.83,0.93,0.08,0.07,0,0.11,0.91,0.04
IT453,3,100,93,93.71,7,0,1,2,0.91,0.92,0.78,0.88,0.06,0.12,0,0.19,0.93,0.04
IT454,3,100,90,90.22,10,2,3,0,0.84,0.89,0.87,0.88,0.1,0.11,0,0.13,0.9,0.25
IT455,3,100,60,60.11,40,10,5,10,0.92,0.27,0.39,0.85,0.63,0.45,1,0.77,0.26,0.95
IT456,3,100,66,66.04,34,14,9,7,0.93,0.27,0.37,0.94,0.66,0.62,1,0.84,0.26,0.94
IT457,3,100,94,94.52,6,2,2,1,0.87,0.79,0.85,0.91,0.04,0.12,0,0.09,0.92,0.26
IT458,2,100,94,94.29,6,1,2,2,0.86,0.82,0.83,0.82,0.05,0.11,0,0.09,0.78,0.15
IT459,3,100,53,53.99,47,6,5,10,0.92,0.32,0.34,0.89,0.45,0.5,1,0.71,0.43,0.88
IT460,3,100,94,94.14,6,2,0,2,0.9,0.81,0.79,0.94,0.05,0.1,0,0.13,0.82,0.27
IT461,3,100,91,91.47,9,0,0,0,0.94,0.87,0.8,0.94,0.11,0.08,0,0.23,0.87,0.19
IT462,3,100,89,89.48,11,2,0,0,0.93,0.78,0.83,0.94,0.13,0.07,0,0.21,0.84,0.01
IT463,2,100,79,79.22,21,2,1,0,0.92,0.86,0.89,0.91,0.08,0.04,0,0.16,0.89,0.29
IT464,2,100,81,81.63,19,0,0,0,0.84,0.82,0.84,0.86,0.04,0.13,0,0.16,0.86,0.07
IT465,3,100,85,85.7,15,2,0,1,0.92,0.8,0.76,0.91,0.1,0.11,0,0.06,0.94,0.03
IT466,3,100,88,88.21,12,0,3,2,0.94,0.77,0.85,0.94,0.09,0.05,0,0.13,0.91,0.16
IT467,3,100,75,75.22,25,0,1,2,0.83,0.88,0.86,0.83,0.04,0.1,0,0.13,0.86,0.03
IT468,2,100,46,46.62,54,10,10,6,0.94,0.45,0.32,0.9,0.46,0.45,1,0.9,0.41,0.96
IT469,2,100,78,78.95,22,1,3,2,0.83,0.83,0.8,0.9,0.07,0.11,0,0.1,0.81,0.02
IT470,2,100,82,82.29,18,1,2,1,0.84,0.81,0.85,0.85,0.05,0.07,0,0.21,0.89,0.19
IT471,3,100,90,90.5,10,2,3,2,0.93,0.78,0.86,0.89,0.04,0.11,0,0.07,0.81,0.25
IT472,2,100,91,91.99,9,2,0,1,0.93,0.84,0.85,0.82,0.1,0.12,0,0.09,0.76,0.08
IT473,2,100,86,86.79,14,0,2,2,0.93,0.89,0.84,0.82,0.09,0.09,0,0.13,0.85,0.2
IT474,2,100,78,78.58,22,2,1,1,0.84,0.79,0.85,0.88,0.12,0.14,0,0.06,0.9,0.07
IT475,3,100,84,84.09,16,0,0,2,0.93,0.79,0.83,0.83,0.15,0.07,0,0.19,0.85,0.25
IT476,3,100,88,88.07,12,2,0,0,0.85,0.88,0.88,0.8,0.06,0.15,0,0.09,0.83,0.25
IT477,3,100,42,42.31,58,10,9,7,0.87,0.4,0.38,0.9,0.46,0.46,1,0.79,0.38,0.74
IT478,3,100,44,44.84,56,12,10,5,0.85,0.34,0.21,0.88,0.41,0.41,1,0.84,0.24,0.89
IT479,3,100,86,86.27,14,2,0,0,0.87,0.83,0.78,0.86,0.12,0.13,0,0.24,0.79,0.18
IT480,2,100,85,85.22,15,2,1,2,0.82,0.75,0.83,0.94,0.11,0.14,0,0.17,0.76,0.11
IT481,3,100,87,87.11,13,1,1,0,0.81,0.86,0.89,0.88,0.14,0.1,0,0.23,0.86,0.23
IT482,3,100,82,82.41,18,2,0,0,0.89,0.88,0.86,0.9,0.09,0.06,0,0.21,0.91,0.11
IT483,3,100,54,54.31,46,7,5,9,0.93,0.34,0.23,0.85,0.48,0.66,1,0.8,0.25,0.91
IT484,2,100,81,81.32,19,0,2,1,0.85,0.8,0.85,0.91,0.05,0.11,0,0.1,0.92,0.13
IT485,3,100,56,56.77,44,10,7,5,0.94,0.23,0.26,0.93,0.7,0.57,1,0.89,0.3,0.74
IT486,2,100,52,52.02,48,14,6,4,0.93,0.41,0.32,0.91,0.58,0.61,1,0.71,0.3,0.89
IT487,2,100,82,82.42,18,2,0,1,0.89,0.91,0.87,0.9,0.08,0.15,0,0.17,0.85,0.21
IT488,2,100,59,59.71,41,14,10,5,0.87,0.21,0.26,0.85,0.49,0.41,1,0.85,0.33,0.77
IT489,2,100,90,90.59,10,2,2,1,0.81,0.8,0.87,0.94,0.08,0.1,0,0.15,0.9,0.02
IT490,3,100,80,80.53,20,1,1,1,0.81,0.8,0.89,0.92,0.14,0.1,0,0.1,0.83,0.03
IT491,3,100,94,94.32,6,0,3,0,0.8,0.77,0.76,0.9,0.12,0.15,0,0.14,0.84,0.18
IT492,2,100,83,83.25,17,2,2,1,0.91,0.81,0.83,0.83,0.09,0.11,0,0.1,0.81,0.12
IT493,3,100,57,57.21,43,9,5,4,0.87,0.26,0.35,0.87,0.55,0.46,1,0.88,0.42,0.76
IT494,2,100,88,88.52,12,2,3,1,0.85,0.9,0.88,0.89,0.03,0.13,0,0.24,0.92,0.11
IT495,3,100,62,62.93,38,10,8,10,0.94,0.21,0.29,0.94,0.52,0.63,1,0.73,0.33,0.83
IT496,2,100,77,77.41,23,1,3,1,0.89,0.79,0.83,0.84,0.11,0.03,0,0.09,0.87,0.1
IT497,3,100,84,84.98,16,1,1,1,0.82,0.85,0.78,0.81,0.11,0.07,0,0.22,0.81,0.05
IT498,2,100,92,92.13,8,0,1,1,0.82,0.9,0.84,0.88,0.13,0.12,0,0.14,0.75,0.13
IT499,3,100,86,86.24,14,1,0,2,0.81,0.88,0.79,0.85,0.04,0.05,0,0.09,0.8,0.25
IT500,3,100,83,83.24,17,2,2,2,0.92,0.81,0.85,0.87,0.15,0.05,0,0.17,0.88,0.05
IT501,3,100,82,82.62,18,1,2,0,0.89,0.85,0.88,0.81,0.11,0.05,0,0.08,0.91,0.1
IT502,3,100,49,49.51,51,10,6,10,0.92,0.33,0.31,0.87,0.58,0.52,1,0.92,0.4,0.98
IT503,2,100,47,47.04,53,7,6,4,0.86,0.39,0.33,0.95,0.46,0.52,1,0.72,0.43,0.84
IT504,3,100,76,76.69,24,1,3,1,0.83,0.76,0.8,0.94,0.06,0.12,0,0.14,0.78,0.16
IT505,3,100,85,85.81,15,2,2,2,0.89,0.86,0.83,0.88,0.08,0.15,0,0.19,0.79,0.18
IT506,3,100,84,84.63,16,0,1,0,0.92,0.89,0.8,0.87,0.08,0.07,0,0.1,0.81,0.0
IT507,3,100,84,84.54,16,1,0,2,0.93,0.82,0.79,0.91,0.13,0.1,0,0.21,0.86,0.06
IT508,3,100,79,79.41,21,1,0,0,0.84,0.86,0.83,0.84,0.11,0.09,0,0.21,0.87,0.21
IT509,2,100,48,48.69,52,13,9,6,0.85,0.33,0.25,0.86,0.59,0.48,1,0.86,0.25,0.71
IT510,2,100,89,89.54,11,0,1,0,0.95,0.83,0.87,0.85,0.05,0.09,0,0.12,0.81,0.24
IT511,2,100,82,82.85,18,0,3,2,0.92,0.79,0.87,0.87,0.05,0.13,0,0.21,0.92,0.04
IT512,2,100,62,62.06,38,14,4,4,0.87,0.38,0.39,0.9,0.6,0.46,1,0.8,0.44,0.98
IT513,3,100,80,80.98,20,0,2,0,0.83,0.8,0.77,0.92,0.13,0.06,0,0.07,0.88,0.1
IT514,2,100,88,88.82,12,1,1,0,0.95,0.88,0.76,0.85,0.12,0.06,0,0.15,0.89,0.1
IT515,2,100,46,46.98,54,11,8,6,0.86,0.42,0.32,0.89,0.64,0.53,1,0.75,0.37,0.81
IT516,3,100,45,45.6,55,11,6,6,0.86,0.24,0.27,0.88,0.62,0.48,1,0.91,0.43,0.87
IT517,3,100,59,59.14,41,8,7,9,0.86,0.44,0.4,0.87,0.66,0.59,1,0.79,0.36,0.8
IT518,3,100,78,78.08,22,1,2,0,0.94,0.78,0.75,0.82,0.08,0.07,0,0.07,0.88,0.01
IT519,2,100,59,59.25,41,13,7,10,0.86,0.43,0.25,0.9,0.56,0.61,1,0.76,0.29,0.88
IT520,2,100,87,87.78,13,2,2,0,0.89,0.84,0.86,0.93,0.12,0.14,0,0.21,0.91,0.02
IT521,2,100,76,76.94,24,2,1,2,0.88,0.84,0.86,0.91,0.08,0.05,0,0.18,0.86,0.28
IT522,3,100,89,89.05,11,0,3,1,0.95,0.83,0.8,0.85,0.05,0.05,0,0.13,0.82,0.05
IT523,3,100,87,87.66,13,2,2,0,0.85,0.83,0.89,0.8,0.06,0.1,0,0.13,0.86,0.22
IT524,3,100,85,85.35,15,0,2,2,0.9,0.8,0.83,0.88,0.07,0.06,0,0.22,0.75,0.25
IT525,2,100,53,53.81,47,8,5,6,0.91,0.34,0.25,0.86,0.48,0.67,1,0.76,0.26,0.79
IT526,3,100,64,64.77,36,15,9,10,0.89,0.4,0.43,0.88,0.65,0.43,1,0.86,0.21,0.94
IT527,3,100,92,92.36,8,2,1,2,0.85,0.76,0.83,0.82,0.11,0.1,0,0.05,0.91,0.11
IT528,2,100,60,60.21,40,13,7,8,0.86,0.28,0.32,0.92,0.63,0.57,1,0.72,0.31,0.94
IT529,3,100,82,82.97,18,2,3,0,0.83,0.85,0.86,0.84,0.05,0.05,0,0.16,0.85,0.2
IT530,3,100,81,81.47,19,0,0,1,0.8,0.8,0.9,0.89,0.11,0.08,0,0.12,0.81,0.18
IT531,2,100,93,93.48,7,0,1,1,0.84,0.86,0.77,0.92,0.11,0.05,0,0.2,0.77,0.22
IT532,2,100,91,91.09,9,1,2,2,0.91,0.84,0.84,0.95,0.09,0.07,0,0.2,0.79,0.16
IT533,2,100,93,93.12,7,1,0,2,0.9,0.75,0.81,0.84,0.05,0.06,0,0.21,0.87,0.02
IT534,3,100,75,75.38,25,0,3,2,0.89,0.76,0.78,0.95,0.15,0.09,0,0.19,0.93,0.15
IT535,2,100,67,67.67,33,11,6,4,0.88,0.45,0.44,0.88,0.55,0.62,1,0.7,0.37,0.81
IT536,3,100,92,92.81,8,2,0,2,0.91,0.84,0.85,0.93,0.14,0.06,0,0.12,0.83,0.04
IT537,2,100,86,86.46,14,1,3,2,0.88,0.89,0.88,0.85,0.14,0.07,0,0.16,0.79,0.04
IT538,2,100,93,93.18,7,2,1,1,0.82,0.8,0.88,0.91,0.14,0.14,0,0.11,0.86,0.28
IT539,3,100,81,81.07,19,0,2,2,0.84,0.85,0.78,0.83,0.12,0.04,0,0.09,0.9,0.18
IT540,2,100,88,88.76,12,0,3,0,0.87,0.77,0.78,0.8,0.09,0.1,0,0.19,0.82,0.26
IT541,3,100,79,79.45,21,0,1,0,0.85,0.83,0.79,0.86,0.04,0.14,0,0.25,0.92,0.15
IT542,3,100,82,82.88,18,2,0,2,0.88,0.92,0.76,0.86,0.04,0.08,0,0.23,0.93,0.07
IT543,2,100,53,53.19,47,10,6,4,0.86,0.41,0.31,0.92,0.54,0.53,1,0.85,0.21,0.86
IT544,2,100,93,93.76,7,1,1,2,0.83,0.83,0.79,0.9,0.08,0.08,0,0.09,0.87,0.21
IT545,2,100,77,77.47,23,2,0,0,0.88,0.91,0.81,0.86,0.08,0.07,0,0.15,0.83,0.24
IT546,3,100,88,88.19,12,0,1,0,0.92,0.83,0.84,0.82,0.13,0.05,0,0.19,0.83,0.09
IT547,2,100,62,62.96,38,13,4,8,0.87,0.36,0.31,0.89,0.55,0.55,1,0.9,0.35,0.85
IT548,2,100,56,56.42,44,14,8,6,0.86,0.21,0.34,0.91,0.65,0.46,1,0.75,0.21,0.8
IT549,2,100,52,52.51,48,8,5,4,0.87,0.31,0.34,0.94,0.6,0.58,1,0.87,0.35,0.94
IT550,3,100,92,92.95,8,1,0,0,0.85,0.82,0.78,0.83,0.13,0.04,0,0.14,0.77,0.26
IT551,2,100,94,94.59,6,1,0,0,0.93,0.79,0.84,0.89,0.12,0.1,0,0.21,0.89,0.13
IT552,3,100,87,87.64,13,0,3,2,0.87,0.89,0.86,0.83,0.14,0.06,0,0.11,0.79,0.04
IT553,3,100,81,81.68,19,0,1,1,0.88,0.88,0.77,0.85,0.11,0.11,0,0.1,0.76,0.09
IT554,2,100,78,78.88,22,2,2,1,0.87,0.9,0.88,0.87,0.09,0.09,0,0.06,0.78,0.05
IT555,2,100,80,80.99,20,2,2,1,0.85,0.91,0.79,0.8,0.09,0.05,0,0.19,0.91,0.27
IT556,2,100,82,82.79,18,1,0,1,0.84,0.83,0.89,0.83,0.11,0.07,0,0.06,0.83,0.15
IT557,2,100,63,63.55,37,9,10,10,0.87,0.43,0.38,0.9,0.67,0.53,1,0.71,0.32,0.85
IT558,3,100,66,66.15,34,14,10,8,0.9,0.2,0.43,0.92,0.6,0.44,1,0.88,0.31,0.91
IT559,2,100,92,92.78,8,2,0,1,0.83,0.78,0.79,0.88,0.12,0.12,0,0.05,0.9,0.19
IT560,2,100,78,78.15,22,0,0,0,0.84,0.91,0.87,0.89,0.14,0.1,0,0.07,0.86,0.16
IT561,2,100,92,92.84,8,0,3,2,0.86,0.78,0.84,0.89,0.05,0.09,0,0.19,0.77,0.02
IT562,3,100,81,81.25,19,2,1,0,0.89,0.77,0.87,0.9,0.12,0.13,0,0.07,0.93,0.23
IT563,3,100,87,87.89,13,1,3,1,0.86,0.87,0.85,0.92,0.06,0.06,0,0.22,0.87,0.27
IT564,3,100,76,76.31,24,1,0,2,0.88,0.82,0.86,0.82,0.09,0.13,0,0.11,0.82,0.17
IT565,2,100,85,85.65,15,2,3,1,0.85,0.89,0.84,0.92,0.08,0.1,0,0.16,0.94,0.12
IT566,3,100,79,79.72,21,2,0,0,0.88,0.89,0.78,0.94,0.14,0.1,0,0.15,0.87,0.14
IT567,2,100,86,86.93,14,1,3,0,0.94,0.86,0.75,0.82,0.09,0.11,0,0.07,0.91,0.27
IT568,3,100,82,82.8,18,0,3,0,0.94,0.91,0.86,0.94,0.05,0.14,0,0.11,0.91,0.2
IT569,2,100,85,85.21,15,1,1,1,0.95,0.77,0.79,0.8,0.04,0.14,0,0.24,0.75,0.17
IT570,3,100,89,89.24,11,1,3,2,0.93,0.81,0.81,0.84,0.08,0.06,0,0.08,0.78,0.17
IT571,2,100,42,42.15,58,8,4,8,0.91,0.3,0.31,0.93,0.62,0.55,1,0.81,0.45,0.73
IT572,3,100,84,84.09,16,2,3,2,0.87,0.87,0.86,0.84,0.13,0.08,0,0.1,0.83,0.0
IT573,3,100,41,41.14,59,11,7,4,0.95,0.45,0.39,0.9,0.43,0.54,1,0.87,0.24,0.92
IT574,2,100,58,58.92,42,7,9,8,0.9,0.2,0.31,0.94,0.61,0.56,1,0.84,0.35,0.97
IT575,3,100,94,94.21,6,1,2,2,0.84,0.86,0.84,0.89,0.05,0.11,0,0.17,0.81,0.24
IT576,3,100,87,87.49,13,1,2,0,0.84,0.9,0.75,0.82,0.04,0.09,0,0.22,0.81,0.04
IT577,2,100,82,82.4,18,1,1,1,0.95,0.91,0.84,0.92,0.12,0.06,0,0.09,0.86,0.01
IT578,3,100,79,79.76,21,2,3,1,0.91,0.77,0.78,0.86,0.11,0.06,0,0.2,0.82,0.19
IT579,3,100,90,90.05,10,1,1,2,0.84,0.89,0.81,0.85,0.11,0.08,0,0.1,0.86,0.13
IT580,2,100,55,55.94,45,12,6,5,0.88,0.35,0.32,0.92,0.58,0.6,1,0.77,0.27,0.94
IT581,2,100,88,88.55,12,1,1,0,0.82,0.83,0.78,0.84,0.1,0.11,0,0.22,0.75,0.03
IT582,2,100,42,42.76,58,9,8,5,0.86,0.36,0.42,0.91,0.69,0.59,1,0.88,0.23,0.96
IT583,2,100,80,80.07,20,2,3,0,0.94,0.88,0.8,0.82,0.14,0.11,0,0.23,0.81,0.13
IT584,3,100,82,82.66,18,0,2,2,0.83,0.82,0.85,0.82,0.06,0.13,0,0.09,0.76,0.29
IT585,3,100,59,59.3,41,10,7,9,0.94,0.24,0.36,0.94,0.43,0.42,1,0.84,0.26,0.83
IT586,3,100,89,89.0,11,2,3,1,0.91,0.89,0.76,0.83,0.03,0.11,0,0.2,0.85,0.12
IT587,3,100,56,56.06,44,11,6,10,0.9,0.44,0.22,0.9,0.6,0.52,1,0.86,0.44,0.73
IT588,3,100,78,78.53,22,1,0,0,0.87,0.9,0.82,0.83,0.11,0.07,0,0.13,0.77,0.21
IT589,2,100,69,69.89,31,13,5,6,0.93,0.44,0.2,0.88,0.52,0.64,1,0.86,0.32,0.99
IT590,2,100,79,79.23,21,2,3,2,0.91,0.83,0.75,0.94,0.13,0.09,0,0.2,0.8,0.02
IT591,2,100,59,59.46,41,8,4,8,0.93,0.22,0.4,0.86,0.59,0.67,1,0.91,0.22,0.88
IT592,2,100,46,46.08,54,12,6,4,0.93,0.39,0.35,0.88,0.5,0.69,1,0.84,0.23,0.95
IT593,3,100,52,52.45,48,11,9,7,0.93,0.35,0.39,0.85,0.57,0.53,1,0.93,0.21,0.73
IT594,2,100,45,45.38,55,15,4,5,0.87,0.36,0.33,0.89,0.67,0.52,1,0.9,0.39,0.91
IT595,2,100,89,89.34,11,2,0,2,0.95,0.92,0.84,0.93,0.13,0.07,0,0.13,0.86,0.06
IT596,2,100,87,87.53,13,1,1,1,0.87,0.78,0.89,0.81,0.04,0.04,0,0.08,0.92,0.27
IT597,3,100,47,47.54,53,13,8,8,0.9,0.23,0.42,0.92,0.41,0.62,1,0.93,0.24,0.94
IT598,3,100,89,89.94,11,0,2,1,0.86,0.79,0.82,0.87,0.12,0.07,0,0.07,0.9,0.26
IT599,2,100,58,58.28,42,12,5,4,0.88,0.21,0.34,0.88,0.51,0.54,1,0.75,0.29,0.78
IT600,3,100,78,78.42,22,0,2,2,0.83,0.91,0.88,0.81,0.14,0.1,0,0.21,0.88,0.18
